date,ticker,close,signal
2024-04-30,CHMF,1927.6,1
2024-04-30,GAZP,163.22,1
2024-04-30,LKOH,8085.5,1
2024-04-30,MGNT,8405.0,-1
2024-04-30,NVTK,1235.2,1
2024-04-30,ROSN,582.0,1
2024-04-30,SBER,308.24,1
2024-04-30,YDEX,4149.6,1
2024-05-02,CHMF,1904.2,1
2024-05-02,GAZP,157.75,1
2024-05-02,LKOH,8104.5,1
2024-05-02,MGNT,8283.0,-1
2024-05-02,NVTK,1231.0,1
2024-05-02,ROSN,582.3,1
2024-05-02,SBER,307.37,1
2024-05-02,YDEX,4177.0,-1
2024-05-03,CHMF,1915.4,1
2024-05-03,GAZP,155.2,1
2024-05-03,LKOH,8075.5,1
2024-05-03,MGNT,8259.5,-1
2024-05-03,NVTK,1231.6,1
2024-05-03,ROSN,582.3,1
2024-05-03,SBER,307.53,1
2024-05-03,YDEX,4236.4,1
2024-05-06,CHMF,1898.0,1
2024-05-06,GAZP,153.64,1
2024-05-06,LKOH,8026.5,1
2024-05-06,MGNT,8209.5,1
2024-05-06,NVTK,1221.4,1
2024-05-06,ROSN,579.05,1
2024-05-06,SBER,306.01,1
2024-05-06,YDEX,4274.0,1
2024-05-07,CHMF,1919.2,1
2024-05-07,GAZP,154.16,1
2024-05-07,LKOH,7722.5,-1
2024-05-07,MGNT,8267.0,1
2024-05-07,NVTK,1239.2,1
2024-05-07,ROSN,579.95,1
2024-05-07,SBER,308.22,1
2024-05-07,YDEX,4356.0,1
2024-05-08,CHMF,1928.2,1
2024-05-08,GAZP,154.22,1
2024-05-08,LKOH,7714.0,1
2024-05-08,MGNT,8247.0,1
2024-05-08,NVTK,1227.2,1
2024-05-08,ROSN,578.5,1
2024-05-08,SBER,311.21,1
2024-05-08,YDEX,4310.0,1
2024-05-10,CHMF,1960.0,1
2024-05-10,GAZP,154.58,1
2024-05-10,LKOH,7713.5,1
2024-05-10,MGNT,8370.5,1
2024-05-10,NVTK,1229.2,1
2024-05-10,ROSN,579.4,1
2024-05-10,SBER,313.49,1
2024-05-10,YDEX,4356.2,1
2024-05-13,CHMF,1976.2,1
2024-05-13,GAZP,157.9,1
2024-05-13,LKOH,7689.0,1
2024-05-13,MGNT,8313.0,1
2024-05-13,NVTK,1239.8,1
2024-05-13,ROSN,589.45,1
2024-05-13,SBER,314.85,1
2024-05-13,YDEX,4407.0,1
2024-05-14,CHMF,1967.2,1
2024-05-14,GAZP,156.16,1
2024-05-14,LKOH,7672.0,1
2024-05-14,MGNT,8290.0,1
2024-05-14,NVTK,1227.2,1
2024-05-14,ROSN,589.8,1
2024-05-14,SBER,318.12,1
2024-05-14,YDEX,4489.8,1
2024-05-15,CHMF,1970.6,1
2024-05-15,GAZP,156.97,1
2024-05-15,LKOH,7655.5,1
2024-05-15,MGNT,8444.0,1
2024-05-15,NVTK,1222.8,1
2024-05-15,ROSN,599.2,1
2024-05-15,SBER,319.7,1
2024-05-15,YDEX,4355.2,-1
2024-05-16,CHMF,1972.6,1
2024-05-16,GAZP,157.88,1
2024-05-16,LKOH,7715.0,1
2024-05-16,MGNT,8355.0,1
2024-05-16,NVTK,1224.8,1
2024-05-16,ROSN,592.6,1
2024-05-16,SBER,322.91,1
2024-05-16,YDEX,4361.2,-1
2024-05-17,CHMF,1970.2,1
2024-05-17,GAZP,155.17,1
2024-05-17,LKOH,7854.5,1
2024-05-17,MGNT,8230.0,1
2024-05-17,NVTK,1221.0,1
2024-05-17,ROSN,591.95,1
2024-05-17,SBER,323.16,1
2024-05-17,YDEX,4271.0,-1
2024-05-20,CHMF,1951.4,1
2024-05-20,GAZP,145.03,1
2024-05-20,LKOH,7834.5,1
2024-05-20,MGNT,8145.5,-1
2024-05-20,NVTK,1195.4,1
2024-05-20,ROSN,591.9,1
2024-05-20,SBER,321.08,1
2024-05-20,YDEX,4196.0,-1
2024-05-21,CHMF,1968.4,1
2024-05-21,GAZP,139.54,1
2024-05-21,LKOH,7848.0,1
2024-05-21,MGNT,8199.5,-1
2024-05-21,NVTK,1176.0,1
2024-05-21,ROSN,594.6,1
2024-05-21,SBER,320.64,1
2024-05-21,YDEX,4106.4,1
2024-05-22,CHMF,2006.0,1
2024-05-22,GAZP,139.25,1
2024-05-22,LKOH,7820.0,1
2024-05-22,MGNT,8090.0,-1
2024-05-22,NVTK,1184.4,1
2024-05-22,ROSN,596.85,1
2024-05-22,SBER,322.93,1
2024-05-22,YDEX,4234.0,-1
2024-05-23,CHMF,1997.6,1
2024-05-23,GAZP,134.69,1
2024-05-23,LKOH,7841.5,1
2024-05-23,MGNT,8082.0,-1
2024-05-23,NVTK,1164.8,1
2024-05-23,ROSN,593.15,1
2024-05-23,SBER,323.54,1
2024-05-23,YDEX,4206.4,1
2024-05-24,CHMF,1990.8,1
2024-05-24,GAZP,133.34,1
2024-05-24,LKOH,7720.0,1
2024-05-24,MGNT,8057.0,1
2024-05-24,NVTK,1120.4,1
2024-05-24,ROSN,585.1,1
2024-05-24,SBER,321.0,1
2024-05-24,YDEX,4189.2,1
2024-05-27,CHMF,1942.6,1
2024-05-27,GAZP,128.42,1
2024-05-27,LKOH,7541.5,1
2024-05-27,MGNT,7872.0,-1
2024-05-27,NVTK,1130.8,1
2024-05-27,ROSN,578.25,1
2024-05-27,SBER,317.09,1
2024-05-27,YDEX,4084.0,1
2024-05-28,CHMF,1887.6,1
2024-05-28,GAZP,128.47,1
2024-05-28,LKOH,7590.0,1
2024-05-28,MGNT,7818.5,-1
2024-05-28,NVTK,1113.2,1
2024-05-28,ROSN,573.0,1
2024-05-28,SBER,318.22,1
2024-05-28,YDEX,4038.4,1
2024-05-29,CHMF,1928.2,1
2024-05-29,GAZP,128.89,1
2024-05-29,LKOH,7684.0,1
2024-05-29,MGNT,7874.5,-1
2024-05-29,NVTK,1117.8,1
2024-05-29,ROSN,575.65,1
2024-05-29,SBER,320.38,1
2024-05-29,YDEX,4051.0,1
2024-05-30,CHMF,1848.6,1
2024-05-30,GAZP,124.93,1
2024-05-30,LKOH,7567.0,1
2024-05-30,MGNT,7692.5,-1
2024-05-30,NVTK,1085.0,1
2024-05-30,ROSN,566.4,1
2024-05-30,SBER,316.63,1
2024-05-30,YDEX,4032.8,1
2024-05-31,CHMF,1778.0,1
2024-05-31,GAZP,126.46,1
2024-05-31,LKOH,7355.5,1
2024-05-31,MGNT,7072.0,1
2024-05-31,NVTK,1084.0,1
2024-05-31,ROSN,556.65,1
2024-05-31,SBER,313.11,1
2024-05-31,YDEX,3996.8,1
2024-06-03,CHMF,1840.2,1
2024-06-03,GAZP,124.14,1
2024-06-03,LKOH,7252.0,1
2024-06-03,MGNT,6697.0,-1
2024-06-03,NVTK,1073.6,1
2024-06-03,ROSN,562.95,1
2024-06-03,SBER,310.95,1
2024-06-03,YDEX,4044.4,1
2024-06-04,CHMF,1841.0,1
2024-06-04,GAZP,125.1,1
2024-06-04,LKOH,7426.0,-1
2024-06-04,MGNT,6828.5,-1
2024-06-04,NVTK,1076.4,1
2024-06-04,ROSN,568.95,1
2024-06-04,SBER,316.49,1
2024-06-04,YDEX,4177.8,-1
2024-06-05,CHMF,1833.8,1
2024-06-05,GAZP,124.02,1
2024-06-05,LKOH,7412.5,1
2024-06-05,MGNT,6636.0,-1
2024-06-05,NVTK,1057.8,1
2024-06-05,ROSN,562.2,1
2024-06-05,SBER,314.72,1
2024-06-05,YDEX,4159.2,-1
2024-06-06,CHMF,1826.8,1
2024-06-06,GAZP,123.6,1
2024-06-06,LKOH,7398.0,1
2024-06-06,MGNT,6692.0,-1
2024-06-06,NVTK,1038.4,1
2024-06-06,ROSN,566.3,1
2024-06-06,SBER,313.08,1
2024-06-06,YDEX,4204.2,-1
2024-06-07,CHMF,1841.4,1
2024-06-07,GAZP,122.78,1
2024-06-07,LKOH,7489.0,-1
2024-06-07,MGNT,6744.0,-1
2024-06-07,NVTK,1034.4,1
2024-06-07,ROSN,571.65,1
2024-06-07,SBER,319.9,1
2024-06-07,YDEX,4222.0,-1
2024-06-10,CHMF,1852.6,1
2024-06-10,GAZP,119.0,1
2024-06-10,LKOH,7315.0,-1
2024-06-10,MGNT,6580.0,0
2024-06-10,NVTK,1026.0,1
2024-06-10,ROSN,563.25,1
2024-06-10,SBER,317.28,1
2024-06-10,YDEX,4125.6,-1
2024-06-11,CHMF,1832.2,1
2024-06-11,GAZP,117.53,1
2024-06-11,LKOH,7290.0,-1
2024-06-11,MGNT,6486.0,-1
2024-06-11,NVTK,1078.0,1
2024-06-11,ROSN,562.85,1
2024-06-11,SBER,317.8,1
2024-06-11,YDEX,4102.0,1
2024-06-13,CHMF,1837.4,1
2024-06-13,GAZP,119.63,1
2024-06-13,LKOH,7178.5,-1
2024-06-13,MGNT,6491.0,-1
2024-06-13,NVTK,1047.0,1
2024-06-13,ROSN,555.5,1
2024-06-13,SBER,317.71,1
2024-06-13,YDEX,4048.0,1
2024-06-14,CHMF,1836.4,1
2024-06-14,GAZP,121.65,1
2024-06-14,LKOH,7368.0,-1
2024-06-14,MGNT,6620.0,0
2024-06-14,NVTK,1089.6,0
2024-06-14,ROSN,565.1,1
2024-06-14,SBER,319.35,1
2024-06-14,YDEX,4071.2,1
2024-06-17,CHMF,1821.2,1
2024-06-17,GAZP,121.54,1
2024-06-17,LKOH,7203.0,-1
2024-06-17,MGNT,6619.5,0
2024-06-17,NVTK,1065.0,1
2024-06-17,ROSN,566.7,1
2024-06-17,SBER,317.65,1
2024-06-17,YDEX,4071.2,1
2024-06-18,CHMF,1555.6,1
2024-06-18,GAZP,118.02,1
2024-06-18,LKOH,7036.0,-1
2024-06-18,MGNT,6556.5,-1
2024-06-18,NVTK,1033.2,1
2024-06-18,ROSN,554.45,1
2024-06-18,SBER,314.34,1
2024-06-18,YDEX,4071.2,1
2024-06-19,CHMF,1504.8,1
2024-06-19,GAZP,113.85,1
2024-06-19,LKOH,6885.0,-1
2024-06-19,MGNT,6579.0,-1
2024-06-19,NVTK,1056.0,1
2024-06-19,ROSN,536.0,1
2024-06-19,SBER,310.7,1
2024-06-19,YDEX,4071.2,1
2024-06-20,CHMF,1579.2,1
2024-06-20,GAZP,115.92,1
2024-06-20,LKOH,7112.5,-1
2024-06-20,MGNT,6572.0,-1
2024-06-20,NVTK,1054.8,1
2024-06-20,ROSN,555.0,1
2024-06-20,SBER,314.15,1
2024-06-20,YDEX,4071.2,1
2024-06-21,CHMF,1575.8,1
2024-06-21,GAZP,115.4,1
2024-06-21,LKOH,7084.0,-1
2024-06-21,MGNT,6457.0,-1
2024-06-21,NVTK,1040.0,1
2024-06-21,ROSN,550.05,1
2024-06-21,SBER,314.14,1
2024-06-21,YDEX,4071.2,1
2024-06-24,CHMF,1547.6,1
2024-06-24,GAZP,113.67,1
2024-06-24,LKOH,7051.5,-1
2024-06-24,MGNT,6281.0,-1
2024-06-24,NVTK,1043.2,1
2024-06-24,ROSN,547.45,1
2024-06-24,SBER,317.25,1
2024-06-24,YDEX,4071.2,1
2024-06-25,CHMF,1555.6,1
2024-06-25,GAZP,114.97,1
2024-06-25,LKOH,7204.0,-1
2024-06-25,MGNT,6390.0,-1
2024-06-25,NVTK,1056.4,0
2024-06-25,ROSN,558.5,-1
2024-06-25,SBER,319.8,1
2024-06-25,YDEX,4071.2,1
2024-06-26,CHMF,1542.0,1
2024-06-26,GAZP,117.0,1
2024-06-26,LKOH,7275.0,-1
2024-06-26,MGNT,6375.0,-1
2024-06-26,NVTK,1056.4,-1
2024-06-26,ROSN,561.2,-1
2024-06-26,SBER,324.55,1
2024-06-26,YDEX,4071.2,1
2024-06-27,CHMF,1549.4,1
2024-06-27,GAZP,115.65,1
2024-06-27,LKOH,7227.0,-1
2024-06-27,MGNT,6340.5,-1
2024-06-27,NVTK,1048.4,1
2024-06-27,ROSN,559.8,1
2024-06-27,SBER,327.16,1
2024-06-27,YDEX,4071.2,1
2024-06-28,CHMF,1549.8,1
2024-06-28,GAZP,115.94,1
2024-06-28,LKOH,7211.0,-1
2024-06-28,MGNT,6369.0,-1
2024-06-28,NVTK,1091.8,-1
2024-06-28,ROSN,565.25,1
2024-06-28,SBER,327.15,1
2024-06-28,YDEX,4071.2,1
2024-07-01,CHMF,1577.2,1
2024-07-01,GAZP,121.4,0
2024-07-01,LKOH,7326.0,-1
2024-07-01,MGNT,6558.0,-1
2024-07-01,NVTK,1097.0,1
2024-07-01,ROSN,576.9,1
2024-07-01,SBER,327.1,1
2024-07-01,YDEX,4071.2,1
2024-07-02,CHMF,1569.8,0
2024-07-02,GAZP,126.2,1
2024-07-02,LKOH,7309.5,-1
2024-07-02,MGNT,6592.0,-1
2024-07-02,NVTK,1134.6,1
2024-07-02,ROSN,573.0,1
2024-07-02,SBER,328.37,1
2024-07-02,YDEX,4071.2,1
2024-07-03,CHMF,1562.8,0
2024-07-03,GAZP,124.96,-1
2024-07-03,LKOH,7230.5,-1
2024-07-03,MGNT,6530.0,-1
2024-07-03,NVTK,1101.4,-1
2024-07-03,ROSN,573.9,1
2024-07-03,SBER,328.2,1
2024-07-03,YDEX,4071.2,1
2024-07-04,CHMF,1522.2,1
2024-07-04,GAZP,122.17,0
2024-07-04,LKOH,7109.5,-1
2024-07-04,MGNT,6470.0,-1
2024-07-04,NVTK,1088.2,-1
2024-07-04,ROSN,561.35,1
2024-07-04,SBER,324.66,1
2024-07-04,YDEX,4071.2,1
2024-07-05,CHMF,1529.6,1
2024-07-05,GAZP,126.74,0
2024-07-05,LKOH,7201.0,-1
2024-07-05,MGNT,6435.0,-1
2024-07-05,NVTK,1096.6,-1
2024-07-05,ROSN,555.85,1
2024-07-05,SBER,325.0,1
2024-07-05,YDEX,4071.2,1
2024-07-08,CHMF,1523.2,1
2024-07-08,GAZP,127.74,-1
2024-07-08,LKOH,7097.0,-1
2024-07-08,MGNT,6392.0,-1
2024-07-08,NVTK,1082.6,-1
2024-07-08,ROSN,560.1,1
2024-07-08,SBER,324.07,1
2024-07-08,YDEX,4071.2,1
2024-07-09,CHMF,1451.4,1
2024-07-09,GAZP,124.05,-1
2024-07-09,LKOH,6941.0,-1
2024-07-09,MGNT,6136.0,-1
2024-07-09,NVTK,1062.2,-1
2024-07-09,ROSN,524.6,1
2024-07-09,SBER,319.99,1
2024-07-09,YDEX,4071.2,1
2024-07-10,CHMF,1393.6,1
2024-07-10,GAZP,117.81,0
2024-07-10,LKOH,6689.0,-1
2024-07-10,MGNT,5835.5,1
2024-07-10,NVTK,1013.0,1
2024-07-10,ROSN,502.5,1
2024-07-10,SBER,316.68,1
2024-07-10,YDEX,4071.2,1
2024-07-11,CHMF,1474.6,1
2024-07-11,GAZP,121.75,0
2024-07-11,LKOH,6969.5,-1
2024-07-11,MGNT,6241.5,-1
2024-07-11,NVTK,1045.8,1
2024-07-11,ROSN,526.7,1
2024-07-11,SBER,295.87,1
2024-07-11,YDEX,4071.2,1
2024-07-12,CHMF,1471.6,1
2024-07-12,GAZP,119.65,0
2024-07-12,LKOH,6908.0,-1
2024-07-12,MGNT,6215.0,-1
2024-07-12,NVTK,1024.8,-1
2024-07-12,ROSN,527.4,1
2024-07-12,SBER,292.21,1
2024-07-12,YDEX,4071.2,1
2024-07-15,CHMF,1422.0,1
2024-07-15,GAZP,119.28,0
2024-07-15,LKOH,6827.0,-1
2024-07-15,MGNT,5890.0,-1
2024-07-15,NVTK,1003.8,1
2024-07-15,ROSN,508.0,1
2024-07-15,SBER,284.38,1
2024-07-15,YDEX,4071.2,1
2024-07-16,CHMF,1448.0,1
2024-07-16,GAZP,124.74,-1
2024-07-16,LKOH,6881.0,-1
2024-07-16,MGNT,5912.0,-1
2024-07-16,NVTK,1021.6,-1
2024-07-16,ROSN,516.9,1
2024-07-16,SBER,285.25,1
2024-07-16,YDEX,4071.2,1
2024-07-17,CHMF,1413.4,1
2024-07-17,GAZP,124.46,0
2024-07-17,LKOH,6814.0,1
2024-07-17,MGNT,5790.0,-1
2024-07-17,NVTK,1034.6,1
2024-07-17,ROSN,510.45,1
2024-07-17,SBER,284.68,1
2024-07-17,YDEX,4071.2,1
2024-07-18,CHMF,1471.8,1
2024-07-18,GAZP,129.81,0
2024-07-18,LKOH,6931.5,-1
2024-07-18,MGNT,6006.5,-1
2024-07-18,NVTK,1074.0,-1
2024-07-18,ROSN,517.25,1
2024-07-18,SBER,289.83,1
2024-07-18,YDEX,4071.2,1
2024-07-19,CHMF,1502.8,-1
2024-07-19,GAZP,130.88,-1
2024-07-19,LKOH,6913.0,-1
2024-07-19,MGNT,6113.0,-1
2024-07-19,NVTK,1085.8,-1
2024-07-19,ROSN,524.15,1
2024-07-19,SBER,289.9,1
2024-07-19,YDEX,4071.2,1
2024-07-22,CHMF,1460.0,1
2024-07-22,GAZP,131.61,-1
2024-07-22,LKOH,7008.0,-1
2024-07-22,MGNT,6079.5,-1
2024-07-22,NVTK,1102.4,1
2024-07-22,ROSN,531.85,0
2024-07-22,SBER,294.71,1
2024-07-22,YDEX,4071.2,1
2024-07-23,CHMF,1465.0,0
2024-07-23,GAZP,134.07,-1
2024-07-23,LKOH,6973.0,-1
2024-07-23,MGNT,6039.5,-1
2024-07-23,NVTK,1086.6,-1
2024-07-23,ROSN,530.55,0
2024-07-23,SBER,294.39,0
2024-07-23,YDEX,4071.2,1
2024-07-24,CHMF,1448.0,0
2024-07-24,GAZP,136.73,-1
2024-07-24,LKOH,6939.5,1
2024-07-24,MGNT,5934.0,-1
2024-07-24,NVTK,1085.8,-1
2024-07-24,ROSN,532.25,-1
2024-07-24,SBER,295.69,1
2024-07-24,YDEX,4148.5,1
2024-07-25,CHMF,1449.0,0
2024-07-25,GAZP,135.1,-1
2024-07-25,LKOH,6902.5,1
2024-07-25,MGNT,5902.5,-1
2024-07-25,NVTK,1090.4,-1
2024-07-25,ROSN,532.45,-1
2024-07-25,SBER,296.37,1
2024-07-25,YDEX,4137.5,1
2024-07-26,CHMF,1443.6,1
2024-07-26,GAZP,135.0,-1
2024-07-26,LKOH,6890.0,1
2024-07-26,MGNT,5932.0,-1
2024-07-26,NVTK,1067.2,-1
2024-07-26,ROSN,521.4,1
2024-07-26,SBER,293.3,1
2024-07-26,YDEX,3962.5,1
2024-07-29,CHMF,1406.2,1
2024-07-29,GAZP,130.99,-1
2024-07-29,LKOH,6727.5,-1
2024-07-29,MGNT,5757.5,-1
2024-07-29,NVTK,1020.8,1
2024-07-29,ROSN,503.2,1
2024-07-29,SBER,286.58,1
2024-07-29,YDEX,3867.0,1
2024-07-30,CHMF,1421.0,1
2024-07-30,GAZP,132.4,-1
2024-07-30,LKOH,6805.5,1
2024-07-30,MGNT,5797.5,-1
2024-07-30,NVTK,1048.6,-1
2024-07-30,ROSN,513.95,1
2024-07-30,SBER,290.0,1
2024-07-30,YDEX,3910.0,1
2024-07-31,CHMF,1423.4,1
2024-07-31,GAZP,133.31,-1
2024-07-31,LKOH,6759.5,1
2024-07-31,MGNT,5750.5,-1
2024-07-31,NVTK,1043.6,-1
2024-07-31,ROSN,515.95,-1
2024-07-31,SBER,289.3,1
2024-07-31,YDEX,3892.0,1
2024-08-01,CHMF,1411.0,1
2024-08-01,GAZP,132.05,-1
2024-08-01,LKOH,6687.0,1
2024-08-01,MGNT,5690.5,-1
2024-08-01,NVTK,1029.0,1
2024-08-01,ROSN,506.4,-1
2024-08-01,SBER,287.21,1
2024-08-01,YDEX,3871.5,1
2024-08-02,CHMF,1405.6,1
2024-08-02,GAZP,131.45,-1
2024-08-02,LKOH,6591.0,-1
2024-08-02,MGNT,5639.0,-1
2024-08-02,NVTK,1018.4,-1
2024-08-02,ROSN,504.8,1
2024-08-02,SBER,286.04,1
2024-08-02,YDEX,3728.5,1
2024-08-05,CHMF,1373.4,1
2024-08-05,GAZP,127.25,0
2024-08-05,LKOH,6417.5,-1
2024-08-05,MGNT,5505.0,-1
2024-08-05,NVTK,1005.2,1
2024-08-05,ROSN,493.9,1
2024-08-05,SBER,275.49,1
2024-08-05,YDEX,3585.0,1
2024-08-06,CHMF,1372.4,1
2024-08-06,GAZP,128.7,0
2024-08-06,LKOH,6447.0,-1
2024-08-06,MGNT,5482.0,-1
2024-08-06,NVTK,1010.2,1
2024-08-06,ROSN,496.15,1
2024-08-06,SBER,279.4,1
2024-08-06,YDEX,3644.0,1
2024-08-07,CHMF,1390.0,1
2024-08-07,GAZP,129.84,1
2024-08-07,LKOH,6505.0,-1
2024-08-07,MGNT,5565.5,-1
2024-08-07,NVTK,1012.0,1
2024-08-07,ROSN,508.45,1
2024-08-07,SBER,282.2,1
2024-08-07,YDEX,3854.0,-1
2024-08-08,CHMF,1377.6,1
2024-08-08,GAZP,128.14,0
2024-08-08,LKOH,6410.5,-1
2024-08-08,MGNT,5464.5,-1
2024-08-08,NVTK,1018.0,1
2024-08-08,ROSN,503.2,1
2024-08-08,SBER,281.09,1
2024-08-08,YDEX,3828.0,1
2024-08-09,CHMF,1383.6,1
2024-08-09,GAZP,128.64,0
2024-08-09,LKOH,6408.5,-1
2024-08-09,MGNT,5508.0,-1
2024-08-09,NVTK,1015.0,1
2024-08-09,ROSN,505.7,1
2024-08-09,SBER,281.44,1
2024-08-09,YDEX,3854.5,1
2024-08-12,CHMF,1391.4,1
2024-08-12,GAZP,128.71,0
2024-08-12,LKOH,6448.5,1
2024-08-12,MGNT,5510.5,1
2024-08-12,NVTK,1035.0,1
2024-08-12,ROSN,501.7,1
2024-08-12,SBER,280.74,1
2024-08-12,YDEX,3923.0,1
2024-08-13,CHMF,1402.0,1
2024-08-13,GAZP,130.49,0
2024-08-13,LKOH,6444.5,1
2024-08-13,MGNT,5631.5,-1
2024-08-13,NVTK,1055.0,1
2024-08-13,ROSN,502.5,1
2024-08-13,SBER,283.92,1
2024-08-13,YDEX,3911.0,1
2024-08-14,CHMF,1388.8,1
2024-08-14,GAZP,129.84,1
2024-08-14,LKOH,6385.0,1
2024-08-14,MGNT,5559.0,-1
2024-08-14,NVTK,1035.6,-1
2024-08-14,ROSN,495.8,1
2024-08-14,SBER,280.32,1
2024-08-14,YDEX,3831.5,1
2024-08-15,CHMF,1382.0,1
2024-08-15,GAZP,127.6,1
2024-08-15,LKOH,6347.0,1
2024-08-15,MGNT,5480.0,-1
2024-08-15,NVTK,1029.0,-1
2024-08-15,ROSN,493.75,1
2024-08-15,SBER,278.01,1
2024-08-15,YDEX,3828.0,1
2024-08-16,CHMF,1375.0,1
2024-08-16,GAZP,126.36,1
2024-08-16,LKOH,6239.5,-1
2024-08-16,MGNT,5371.0,-1
2024-08-16,NVTK,1008.4,1
2024-08-16,ROSN,489.7,1
2024-08-16,SBER,274.6,1
2024-08-16,YDEX,3776.5,1
2024-08-19,CHMF,1342.8,1
2024-08-19,GAZP,126.29,1
2024-08-19,LKOH,6138.5,-1
2024-08-19,MGNT,5241.0,1
2024-08-19,NVTK,1019.8,1
2024-08-19,ROSN,483.7,1
2024-08-19,SBER,268.17,1
2024-08-19,YDEX,3725.5,1
2024-08-20,CHMF,1338.0,1
2024-08-20,GAZP,125.85,1
2024-08-20,LKOH,6147.5,-1
2024-08-20,MGNT,5244.0,-1
2024-08-20,NVTK,1006.0,1
2024-08-20,ROSN,481.5,1
2024-08-20,SBER,266.2,1
2024-08-20,YDEX,3753.0,1
2024-08-21,CHMF,1321.0,1
2024-08-21,GAZP,123.38,1
2024-08-21,LKOH,6309.5,1
2024-08-21,MGNT,5211.0,1
2024-08-21,NVTK,995.4,1
2024-08-21,ROSN,480.95,1
2024-08-21,SBER,266.93,1
2024-08-21,YDEX,3836.5,1
2024-08-22,CHMF,1292.8,1
2024-08-22,GAZP,118.51,1
2024-08-22,LKOH,6419.0,-1
2024-08-22,MGNT,5088.5,1
2024-08-22,NVTK,950.4,1
2024-08-22,ROSN,475.8,1
2024-08-22,SBER,261.6,1
2024-08-22,YDEX,3794.0,1
2024-08-23,CHMF,1253.2,1
2024-08-23,GAZP,116.81,1
2024-08-23,LKOH,6428.0,-1
2024-08-23,MGNT,4948.5,1
2024-08-23,NVTK,924.8,1
2024-08-23,ROSN,478.75,1
2024-08-23,SBER,259.5,1
2024-08-23,YDEX,3807.0,1
2024-08-26,CHMF,1318.6,1
2024-08-26,GAZP,126.8,-1
2024-08-26,LKOH,6645.0,-1
2024-08-26,MGNT,5138.0,-1
2024-08-26,NVTK,1011.2,-1
2024-08-26,ROSN,489.55,1
2024-08-26,SBER,265.39,1
2024-08-26,YDEX,3913.5,-1
2024-08-27,CHMF,1275.2,1
2024-08-27,GAZP,124.47,0
2024-08-27,LKOH,6526.5,-1
2024-08-27,MGNT,4998.0,-1
2024-08-27,NVTK,986.4,1
2024-08-27,ROSN,477.5,1
2024-08-27,SBER,260.5,1
2024-08-27,YDEX,3844.0,1
2024-08-28,CHMF,1275.4,1
2024-08-28,GAZP,124.51,0
2024-08-28,LKOH,6389.0,-1
2024-08-28,MGNT,4926.0,-1
2024-08-28,NVTK,978.8,1
2024-08-28,ROSN,479.05,1
2024-08-28,SBER,262.47,1
2024-08-28,YDEX,3892.5,1
2024-08-29,CHMF,1268.2,1
2024-08-29,GAZP,130.27,-1
2024-08-29,LKOH,6324.0,-1
2024-08-29,MGNT,4999.0,1
2024-08-29,NVTK,997.8,1
2024-08-29,ROSN,482.95,1
2024-08-29,SBER,260.31,1
2024-08-29,YDEX,3926.0,1
2024-08-30,CHMF,1225.0,1
2024-08-30,GAZP,122.97,0
2024-08-30,LKOH,6145.0,-1
2024-08-30,MGNT,4720.0,1
2024-08-30,NVTK,977.2,1
2024-08-30,ROSN,475.85,1
2024-08-30,SBER,254.45,1
2024-08-30,YDEX,3765.5,1
2024-09-02,CHMF,1172.0,1
2024-09-02,GAZP,123.86,0
2024-09-02,LKOH,6115.0,1
2024-09-02,MGNT,4595.0,1
2024-09-02,NVTK,958.0,1
2024-09-02,ROSN,455.05,1
2024-09-02,SBER,244.31,1
2024-09-02,YDEX,3620.5,1
2024-09-03,CHMF,1176.2,1
2024-09-03,GAZP,120.6,0
2024-09-03,LKOH,6184.0,-1
2024-09-03,MGNT,4610.0,-1
2024-09-03,NVTK,952.6,1
2024-09-03,ROSN,468.85,1
2024-09-03,SBER,244.04,1
2024-09-03,YDEX,3652.0,1
2024-09-04,CHMF,1235.6,1
2024-09-04,GAZP,122.46,0
2024-09-04,LKOH,6265.0,-1
2024-09-04,MGNT,4705.0,0
2024-09-04,NVTK,966.8,1
2024-09-04,ROSN,477.75,-1
2024-09-04,SBER,253.01,1
2024-09-04,YDEX,3737.0,1
2024-09-05,CHMF,1236.0,1
2024-09-05,GAZP,123.76,0
2024-09-05,LKOH,6272.0,-1
2024-09-05,MGNT,4712.5,1
2024-09-05,NVTK,949.2,1
2024-09-05,ROSN,477.15,-1
2024-09-05,SBER,252.82,1
2024-09-05,YDEX,3679.5,1
2024-09-06,CHMF,1244.0,1
2024-09-06,GAZP,123.0,0
2024-09-06,LKOH,6332.0,-1
2024-09-06,MGNT,4756.0,0
2024-09-06,NVTK,964.4,0
2024-09-06,ROSN,479.1,0
2024-09-06,SBER,254.77,1
2024-09-06,YDEX,3715.0,1
2024-09-09,CHMF,1313.0,-1
2024-09-09,GAZP,125.04,0
2024-09-09,LKOH,6520.0,-1
2024-09-09,MGNT,4910.0,-1
2024-09-09,NVTK,994.6,-1
2024-09-09,ROSN,493.8,-1
2024-09-09,SBER,263.31,-1
2024-09-09,YDEX,3883.5,-1
2024-09-10,CHMF,1254.2,-1
2024-09-10,GAZP,123.44,0
2024-09-10,LKOH,6435.0,-1
2024-09-10,MGNT,4883.0,-1
2024-09-10,NVTK,986.0,-1
2024-09-10,ROSN,482.35,-1
2024-09-10,SBER,261.29,-1
2024-09-10,YDEX,3825.0,1
2024-09-11,CHMF,1201.2,1
2024-09-11,GAZP,121.62,0
2024-09-11,LKOH,6413.5,-1
2024-09-11,MGNT,4793.5,-1
2024-09-11,NVTK,964.2,-1
2024-09-11,ROSN,477.75,-1
2024-09-11,SBER,258.2,-1
2024-09-11,YDEX,3782.0,1
2024-09-12,CHMF,1208.4,1
2024-09-12,GAZP,118.78,1
2024-09-12,LKOH,6448.0,-1
2024-09-12,MGNT,4725.5,-1
2024-09-12,NVTK,956.0,-1
2024-09-12,ROSN,488.45,-1
2024-09-12,SBER,254.93,-1
2024-09-12,YDEX,3828.5,1
2024-09-13,CHMF,1233.8,0
2024-09-13,GAZP,119.91,1
2024-09-13,LKOH,6624.5,-1
2024-09-13,MGNT,4998.0,-1
2024-09-13,NVTK,968.6,-1
2024-09-13,ROSN,498.0,-1
2024-09-13,SBER,258.25,1
2024-09-13,YDEX,3914.5,1
2024-09-16,CHMF,1265.0,0
2024-09-16,GAZP,121.73,0
2024-09-16,LKOH,6820.5,-1
2024-09-16,MGNT,5359.5,-1
2024-09-16,NVTK,985.0,-1
2024-09-16,ROSN,516.3,-1
2024-09-16,SBER,263.79,-1
2024-09-16,YDEX,4119.0,1
2024-09-17,CHMF,1294.4,-1
2024-09-17,GAZP,123.1,-1
2024-09-17,LKOH,6803.0,-1
2024-09-17,MGNT,5694.5,-1
2024-09-17,NVTK,993.6,-1
2024-09-17,ROSN,517.95,-1
2024-09-17,SBER,265.99,-1
2024-09-17,YDEX,4106.0,-1
2024-09-18,CHMF,1272.0,-1
2024-09-18,GAZP,122.18,-1
2024-09-18,LKOH,6745.5,-1
2024-09-18,MGNT,5597.5,-1
2024-09-18,NVTK,984.8,-1
2024-09-18,ROSN,510.25,-1
2024-09-18,SBER,263.4,-1
2024-09-18,YDEX,4031.0,-1
2024-09-19,CHMF,1273.8,-1
2024-09-19,GAZP,122.24,1
2024-09-19,LKOH,6811.0,-1
2024-09-19,MGNT,5605.0,-1
2024-09-19,NVTK,997.4,-1
2024-09-19,ROSN,512.55,-1
2024-09-19,SBER,264.5,-1
2024-09-19,YDEX,4137.5,-1
2024-09-20,CHMF,1319.0,-1
2024-09-20,GAZP,122.4,1
2024-09-20,LKOH,6897.5,-1
2024-09-20,MGNT,5919.5,-1
2024-09-20,NVTK,1002.0,-1
2024-09-20,ROSN,528.15,-1
2024-09-20,SBER,269.08,-1
2024-09-20,YDEX,4100.0,-1
2024-09-23,CHMF,1309.6,-1
2024-09-23,GAZP,130.35,-1
2024-09-23,LKOH,6982.5,-1
2024-09-23,MGNT,5874.5,-1
2024-09-23,NVTK,1001.4,1
2024-09-23,ROSN,526.1,-1
2024-09-23,SBER,273.17,1
2024-09-23,YDEX,4202.5,-1
2024-09-24,CHMF,1302.2,-1
2024-09-24,GAZP,139.71,-1
2024-09-24,LKOH,6954.5,-1
2024-09-24,MGNT,5848.0,-1
2024-09-24,NVTK,1040.2,1
2024-09-24,ROSN,522.1,-1
2024-09-24,SBER,272.92,1
2024-09-24,YDEX,4160.0,-1
2024-09-25,CHMF,1287.8,-1
2024-09-25,GAZP,135.44,-1
2024-09-25,LKOH,6867.0,-1
2024-09-25,MGNT,5763.5,-1
2024-09-25,NVTK,1023.8,1
2024-09-25,ROSN,512.4,-1
2024-09-25,SBER,267.8,-1
2024-09-25,YDEX,4035.5,-1
2024-09-26,CHMF,1271.0,-1
2024-09-26,GAZP,137.35,-1
2024-09-26,LKOH,6890.0,-1
2024-09-26,MGNT,5789.5,-1
2024-09-26,NVTK,1015.6,1
2024-09-26,ROSN,512.7,-1
2024-09-26,SBER,267.88,1
2024-09-26,YDEX,4001.5,-1
2024-09-27,CHMF,1288.4,-1
2024-09-27,GAZP,140.5,-1
2024-09-27,LKOH,6914.5,1
2024-09-27,MGNT,5759.0,-1
2024-09-27,NVTK,1025.6,-1
2024-09-27,ROSN,511.0,-1
2024-09-27,SBER,268.07,1
2024-09-27,YDEX,4024.0,-1
2024-09-30,CHMF,1257.6,-1
2024-09-30,GAZP,138.19,-1
2024-09-30,LKOH,6874.0,1
2024-09-30,MGNT,5667.0,-1
2024-09-30,NVTK,1004.2,-1
2024-09-30,ROSN,507.4,1
2024-09-30,SBER,268.49,1
2024-09-30,YDEX,4007.5,-1
2024-10-01,CHMF,1272.0,-1
2024-10-01,GAZP,136.21,-1
2024-10-01,LKOH,6969.0,1
2024-10-01,MGNT,5244.0,-1
2024-10-01,NVTK,1007.8,-1
2024-10-01,ROSN,509.75,1
2024-10-01,SBER,266.29,1
2024-10-01,YDEX,3963.0,1
2024-10-02,CHMF,1247.8,-1
2024-10-02,GAZP,132.12,-1
2024-10-02,LKOH,6816.5,-1
2024-10-02,MGNT,5056.0,-1
2024-10-02,NVTK,980.2,-1
2024-10-02,ROSN,499.95,1
2024-10-02,SBER,259.31,1
2024-10-02,YDEX,3907.5,1
2024-10-03,CHMF,1241.8,-1
2024-10-03,GAZP,133.87,-1
2024-10-03,LKOH,6956.0,-1
2024-10-03,MGNT,5099.5,-1
2024-10-03,NVTK,993.6,-1
2024-10-03,ROSN,500.0,1
2024-10-03,SBER,264.25,1
2024-10-03,YDEX,3969.0,1
2024-10-04,CHMF,1236.0,1
2024-10-04,GAZP,133.32,0
2024-10-04,LKOH,7009.0,-1
2024-10-04,MGNT,5076.0,0
2024-10-04,NVTK,999.8,-1
2024-10-04,ROSN,501.9,1
2024-10-04,SBER,264.09,-1
2024-10-04,YDEX,3945.5,1
2024-10-07,CHMF,1221.0,1
2024-10-07,GAZP,133.5,0
2024-10-07,LKOH,7055.0,-1
2024-10-07,MGNT,5069.5,-1
2024-10-07,NVTK,993.6,-1
2024-10-07,ROSN,503.5,1
2024-10-07,SBER,263.39,1
2024-10-07,YDEX,3928.5,1
2024-10-08,CHMF,1239.0,1
2024-10-08,GAZP,133.83,0
2024-10-08,LKOH,6973.5,-1
2024-10-08,MGNT,4930.0,0
2024-10-08,NVTK,985.8,-1
2024-10-08,ROSN,501.8,1
2024-10-08,SBER,262.4,1
2024-10-08,YDEX,3982.5,1
2024-10-09,CHMF,1224.0,1
2024-10-09,GAZP,132.51,0
2024-10-09,LKOH,6883.5,-1
2024-10-09,MGNT,4889.5,0
2024-10-09,NVTK,976.8,1
2024-10-09,ROSN,495.85,1
2024-10-09,SBER,260.86,1
2024-10-09,YDEX,3933.5,1
2024-10-10,CHMF,1228.2,1
2024-10-10,GAZP,132.69,0
2024-10-10,LKOH,6857.0,1
2024-10-10,MGNT,4968.0,0
2024-10-10,NVTK,985.6,1
2024-10-10,ROSN,497.75,1
2024-10-10,SBER,259.98,1
2024-10-10,YDEX,3979.5,1
2024-10-11,CHMF,1221.0,1
2024-10-11,GAZP,131.82,-1
2024-10-11,LKOH,6837.0,1
2024-10-11,MGNT,4902.0,0
2024-10-11,NVTK,957.8,1
2024-10-11,ROSN,492.15,1
2024-10-11,SBER,256.94,1
2024-10-11,YDEX,3975.0,1
2024-10-14,CHMF,1248.4,-1
2024-10-14,GAZP,131.92,1
2024-10-14,LKOH,6931.5,1
2024-10-14,MGNT,4923.5,0
2024-10-14,NVTK,969.4,1
2024-10-14,ROSN,496.0,1
2024-10-14,SBER,261.28,1
2024-10-14,YDEX,4074.0,1
2024-10-15,CHMF,1242.4,1
2024-10-15,GAZP,133.97,-1
2024-10-15,LKOH,6991.0,1
2024-10-15,MGNT,5007.0,0
2024-10-15,NVTK,974.2,1
2024-10-15,ROSN,498.4,1
2024-10-15,SBER,262.03,1
2024-10-15,YDEX,4091.0,1
2024-10-16,CHMF,1243.2,1
2024-10-16,GAZP,137.24,1
2024-10-16,LKOH,6980.0,1
2024-10-16,MGNT,4970.0,-1
2024-10-16,NVTK,970.6,1
2024-10-16,ROSN,496.45,1
2024-10-16,SBER,259.5,1
2024-10-16,YDEX,4057.0,1
2024-10-17,CHMF,1191.0,1
2024-10-17,GAZP,136.05,1
2024-10-17,LKOH,6931.5,1
2024-10-17,MGNT,4882.5,-1
2024-10-17,NVTK,958.6,1
2024-10-17,ROSN,486.95,1
2024-10-17,SBER,256.57,1
2024-10-17,YDEX,3983.5,1
2024-10-18,CHMF,1192.2,1
2024-10-18,GAZP,135.67,1
2024-10-18,LKOH,6963.0,1
2024-10-18,MGNT,4861.0,-1
2024-10-18,NVTK,956.6,1
2024-10-18,ROSN,487.8,1
2024-10-18,SBER,257.19,1
2024-10-18,YDEX,3968.5,1
2024-10-21,CHMF,1189.8,1
2024-10-21,GAZP,135.97,1
2024-10-21,LKOH,7020.0,1
2024-10-21,MGNT,4818.0,-1
2024-10-21,NVTK,958.4,1
2024-10-21,ROSN,484.7,1
2024-10-21,SBER,258.21,1
2024-10-21,YDEX,4031.0,1
2024-10-22,CHMF,1192.4,1
2024-10-22,GAZP,136.24,1
2024-10-22,LKOH,6950.0,1
2024-10-22,MGNT,4814.0,-1
2024-10-22,NVTK,960.6,1
2024-10-22,ROSN,479.0,1
2024-10-22,SBER,255.42,1
2024-10-22,YDEX,3964.5,1
2024-10-23,CHMF,1172.0,1
2024-10-23,GAZP,134.76,1
2024-10-23,LKOH,6920.0,1
2024-10-23,MGNT,4730.0,1
2024-10-23,NVTK,928.8,1
2024-10-23,ROSN,469.0,1
2024-10-23,SBER,252.01,1
2024-10-23,YDEX,3883.5,-1
2024-10-24,CHMF,1173.8,1
2024-10-24,GAZP,134.12,1
2024-10-24,LKOH,6958.5,1
2024-10-24,MGNT,4673.5,1
2024-10-24,NVTK,922.0,1
2024-10-24,ROSN,469.75,1
2024-10-24,SBER,252.64,1
2024-10-24,YDEX,3969.5,-1
2024-10-25,CHMF,1144.2,1
2024-10-25,GAZP,133.0,1
2024-10-25,LKOH,6750.5,1
2024-10-25,MGNT,4504.5,1
2024-10-25,NVTK,903.4,1
2024-10-25,ROSN,456.1,1
2024-10-25,SBER,246.35,1
2024-10-25,YDEX,3834.5,1
2024-10-28,CHMF,1102.8,1
2024-10-28,GAZP,124.87,1
2024-10-28,LKOH,6733.5,1
2024-10-28,MGNT,4376.0,1
2024-10-28,NVTK,868.4,1
2024-10-28,ROSN,434.75,1
2024-10-28,SBER,242.56,1
2024-10-28,YDEX,3743.0,1
2024-10-29,CHMF,1126.4,1
2024-10-29,GAZP,125.97,1
2024-10-29,LKOH,6837.0,1
2024-10-29,MGNT,4404.0,-1
2024-10-29,NVTK,865.4,1
2024-10-29,ROSN,442.35,1
2024-10-29,SBER,242.66,1
2024-10-29,YDEX,3758.0,1
2024-10-30,CHMF,1107.0,1
2024-10-30,GAZP,123.8,1
2024-10-30,LKOH,6792.0,1
2024-10-30,MGNT,4408.0,1
2024-10-30,NVTK,862.0,1
2024-10-30,ROSN,439.05,1
2024-10-30,SBER,241.45,1
2024-10-30,YDEX,3710.0,1
2024-10-31,CHMF,1085.6,1
2024-10-31,GAZP,123.44,1
2024-10-31,LKOH,6794.5,1
2024-10-31,MGNT,4486.0,1
2024-10-31,NVTK,843.8,1
2024-10-31,ROSN,434.1,1
2024-10-31,SBER,237.9,1
2024-10-31,YDEX,3666.5,1
2024-11-01,CHMF,1103.2,1
2024-11-01,GAZP,125.6,1
2024-11-01,LKOH,6844.5,1
2024-11-01,MGNT,4529.5,1
2024-11-01,NVTK,854.6,1
2024-11-01,ROSN,444.35,1
2024-11-01,SBER,238.03,1
2024-11-01,YDEX,3674.0,1
2024-11-02,CHMF,1113.0,1
2024-11-02,GAZP,128.7,0
2024-11-02,LKOH,6842.0,1
2024-11-02,MGNT,4520.0,1
2024-11-02,NVTK,868.0,1
2024-11-02,ROSN,457.0,1
2024-11-02,SBER,238.97,1
2024-11-02,YDEX,3683.5,1
2024-11-05,CHMF,1127.8,1
2024-11-05,GAZP,128.77,0
2024-11-05,LKOH,6873.0,1
2024-11-05,MGNT,4529.5,1
2024-11-05,NVTK,867.2,1
2024-11-05,ROSN,460.5,0
2024-11-05,SBER,239.23,1
2024-11-05,YDEX,3646.0,1
2024-11-06,CHMF,1158.6,1
2024-11-06,GAZP,131.92,-1
2024-11-06,LKOH,6996.5,1
2024-11-06,MGNT,4625.5,1
2024-11-06,NVTK,895.2,1
2024-11-06,ROSN,466.85,-1
2024-11-06,SBER,243.6,1
2024-11-06,YDEX,3677.0,1
2024-11-07,CHMF,1174.0,-1
2024-11-07,GAZP,135.52,-1
2024-11-07,LKOH,7132.0,-1
2024-11-07,MGNT,4776.5,-1
2024-11-07,NVTK,923.2,-1
2024-11-07,ROSN,475.5,-1
2024-11-07,SBER,250.93,-1
2024-11-07,YDEX,3811.5,1
2024-11-08,CHMF,1209.8,1
2024-11-08,GAZP,135.9,-1
2024-11-08,LKOH,7172.0,1
2024-11-08,MGNT,4856.5,-1
2024-11-08,NVTK,944.8,-1
2024-11-08,ROSN,481.5,-1
2024-11-08,SBER,255.98,1
2024-11-08,YDEX,3888.0,-1
2024-11-11,CHMF,1272.4,-1
2024-11-11,GAZP,138.12,1
2024-11-11,LKOH,7022.5,-1
2024-11-11,MGNT,4917.0,-1
2024-11-11,NVTK,944.6,-1
2024-11-11,ROSN,490.6,1
2024-11-11,SBER,260.73,1
2024-11-11,YDEX,3885.0,-1
2024-11-12,CHMF,1228.0,-1
2024-11-12,GAZP,135.16,-1
2024-11-12,LKOH,6990.0,1
2024-11-12,MGNT,4802.5,-1
2024-11-12,NVTK,927.8,-1
2024-11-12,ROSN,482.05,-1
2024-11-12,SBER,255.77,-1
2024-11-12,YDEX,3758.5,1
2024-11-13,CHMF,1211.0,-1
2024-11-13,GAZP,132.6,-1
2024-11-13,LKOH,6925.0,-1
2024-11-13,MGNT,4840.0,-1
2024-11-13,NVTK,902.4,-1
2024-11-13,ROSN,480.35,-1
2024-11-13,SBER,254.7,-1
2024-11-13,YDEX,3693.0,1
2024-11-14,CHMF,1202.0,-1
2024-11-14,GAZP,131.61,-1
2024-11-14,LKOH,6932.5,1
2024-11-14,MGNT,4789.5,-1
2024-11-14,NVTK,893.8,-1
2024-11-14,ROSN,473.3,-1
2024-11-14,SBER,249.52,-1
2024-11-14,YDEX,3678.0,1
2024-11-15,CHMF,1235.0,-1
2024-11-15,GAZP,133.37,-1
2024-11-15,LKOH,7021.0,1
2024-11-15,MGNT,4822.5,-1
2024-11-15,NVTK,917.8,-1
2024-11-15,ROSN,480.1,-1
2024-11-15,SBER,253.43,-1
2024-11-15,YDEX,3712.0,-1
2024-11-18,CHMF,1199.8,-1
2024-11-18,GAZP,129.12,-1
2024-11-18,LKOH,6955.5,1
2024-11-18,MGNT,4685.0,-1
2024-11-18,NVTK,898.8,-1
2024-11-18,ROSN,471.95,-1
2024-11-18,SBER,248.72,-1
2024-11-18,YDEX,3649.0,1
2024-11-19,CHMF,1152.2,-1
2024-11-19,GAZP,125.49,0
2024-11-19,LKOH,6842.0,1
2024-11-19,MGNT,4491.5,-1
2024-11-19,NVTK,875.0,1
2024-11-19,ROSN,459.7,-1
2024-11-19,SBER,240.59,1
2024-11-19,YDEX,3560.0,1
2024-11-20,CHMF,1120.0,1
2024-11-20,GAZP,121.89,1
2024-11-20,LKOH,6798.5,1
2024-11-20,MGNT,4424.0,1
2024-11-20,NVTK,847.8,1
2024-11-20,ROSN,449.25,1
2024-11-20,SBER,237.05,1
2024-11-20,YDEX,3460.0,1
2024-11-21,CHMF,1117.8,1
2024-11-21,GAZP,124.1,1
2024-11-21,LKOH,6938.5,-1
2024-11-21,MGNT,4582.5,-1
2024-11-21,NVTK,864.8,1
2024-11-21,ROSN,458.95,-1
2024-11-21,SBER,240.47,1
2024-11-21,YDEX,3509.0,1
2024-11-22,CHMF,1130.4,1
2024-11-22,GAZP,119.47,1
2024-11-22,LKOH,6940.0,-1
2024-11-22,MGNT,4494.0,1
2024-11-22,NVTK,822.8,1
2024-11-22,ROSN,459.9,-1
2024-11-22,SBER,236.0,1
2024-11-22,YDEX,3415.0,1
2024-11-25,CHMF,1101.4,1
2024-11-25,GAZP,117.44,1
2024-11-25,LKOH,6886.5,1
2024-11-25,MGNT,4330.0,1
2024-11-25,NVTK,822.8,1
2024-11-25,ROSN,453.65,1
2024-11-25,SBER,227.81,1
2024-11-25,YDEX,3299.5,1
2024-11-26,CHMF,1072.0,1
2024-11-26,GAZP,114.5,1
2024-11-26,LKOH,6869.5,1
2024-11-26,MGNT,4150.0,1
2024-11-26,NVTK,807.8,1
2024-11-26,ROSN,450.8,1
2024-11-26,SBER,223.16,1
2024-11-26,YDEX,3211.0,1
2024-11-27,CHMF,1096.8,1
2024-11-27,GAZP,119.41,1
2024-11-27,LKOH,6896.5,1
2024-11-27,MGNT,4213.0,1
2024-11-27,NVTK,828.0,1
2024-11-27,ROSN,474.15,1
2024-11-27,SBER,226.3,1
2024-11-27,YDEX,3385.0,1
2024-11-28,CHMF,1095.8,1
2024-11-28,GAZP,120.29,1
2024-11-28,LKOH,6905.5,1
2024-11-28,MGNT,4263.5,1
2024-11-28,NVTK,816.6,1
2024-11-28,ROSN,474.85,-1
2024-11-28,SBER,228.56,1
2024-11-28,YDEX,3365.5,1
2024-11-29,CHMF,1123.2,-1
2024-11-29,GAZP,124.29,0
2024-11-29,LKOH,6860.5,1
2024-11-29,MGNT,4529.5,-1
2024-11-29,NVTK,835.6,1
2024-11-29,ROSN,478.0,-1
2024-11-29,SBER,236.49,1
2024-11-29,YDEX,3320.0,1
2024-12-02,CHMF,1142.8,0
2024-12-02,GAZP,123.9,0
2024-12-02,LKOH,6810.0,1
2024-12-02,MGNT,4629.0,-1
2024-12-02,NVTK,846.2,1
2024-12-02,ROSN,489.3,-1
2024-12-02,SBER,235.17,0
2024-12-02,YDEX,3434.0,1
2024-12-03,CHMF,1100.0,1
2024-12-03,GAZP,121.48,0
2024-12-03,LKOH,6771.0,1
2024-12-03,MGNT,4559.5,-1
2024-12-03,NVTK,824.0,1
2024-12-03,ROSN,490.5,-1
2024-12-03,SBER,230.8,1
2024-12-03,YDEX,3380.0,1
2024-12-04,CHMF,1058.0,1
2024-12-04,GAZP,115.3,1
2024-12-04,LKOH,6720.5,1
2024-12-04,MGNT,4446.0,-1
2024-12-04,NVTK,800.0,1
2024-12-04,ROSN,473.1,-1
2024-12-04,SBER,224.55,1
2024-12-04,YDEX,3252.0,1
2024-12-05,CHMF,1081.6,1
2024-12-05,GAZP,116.63,1
2024-12-05,LKOH,6841.0,1
2024-12-05,MGNT,4478.0,-1
2024-12-05,NVTK,830.4,1
2024-12-05,ROSN,488.2,-1
2024-12-05,SBER,233.48,1
2024-12-05,YDEX,3378.5,1
2024-12-06,CHMF,1097.4,0
2024-12-06,GAZP,114.99,1
2024-12-06,LKOH,6860.0,1
2024-12-06,MGNT,4576.0,-1
2024-12-06,NVTK,833.2,1
2024-12-06,ROSN,485.3,-1
2024-12-06,SBER,237.84,0
2024-12-06,YDEX,3376.0,1
2024-12-09,CHMF,1125.8,0
2024-12-09,GAZP,117.06,1
2024-12-09,LKOH,6973.0,1
2024-12-09,MGNT,4597.5,-1
2024-12-09,NVTK,829.2,-1
2024-12-09,ROSN,491.05,-1
2024-12-09,SBER,237.29,-1
2024-12-09,YDEX,3466.0,0
2024-12-10,CHMF,1098.8,0
2024-12-10,GAZP,114.7,1
2024-12-10,LKOH,6894.0,1
2024-12-10,MGNT,4521.5,-1
2024-12-10,NVTK,811.6,1
2024-12-10,ROSN,484.6,-1
2024-12-10,SBER,230.82,-1
2024-12-10,YDEX,3379.5,0
2024-12-11,CHMF,1103.2,-1
2024-12-11,GAZP,115.16,1
2024-12-11,LKOH,6895.5,1
2024-12-11,MGNT,4529.0,-1
2024-12-11,NVTK,810.0,1
2024-12-11,ROSN,488.75,-1
2024-12-11,SBER,234.19,-1
2024-12-11,YDEX,3397.0,1
2024-12-12,CHMF,1083.0,-1
2024-12-12,GAZP,113.1,1
2024-12-12,LKOH,6862.5,1
2024-12-12,MGNT,4443.0,-1
2024-12-12,NVTK,791.2,1
2024-12-12,ROSN,485.45,-1
2024-12-12,SBER,229.02,-1
2024-12-12,YDEX,3284.0,1
2024-12-13,CHMF,1091.2,0
2024-12-13,GAZP,112.86,1
2024-12-13,LKOH,6800.0,1
2024-12-13,MGNT,4411.0,1
2024-12-13,NVTK,790.2,1
2024-12-13,ROSN,483.65,-1
2024-12-13,SBER,228.7,-1
2024-12-13,YDEX,3321.0,1
2024-12-16,CHMF,1054.4,1
2024-12-16,GAZP,108.71,1
2024-12-16,LKOH,6779.5,1
2024-12-16,MGNT,4308.5,1
2024-12-16,NVTK,767.2,1
2024-12-16,ROSN,477.4,-1
2024-12-16,SBER,225.53,1
2024-12-16,YDEX,3232.5,1
2024-12-17,CHMF,1016.4,1
2024-12-17,GAZP,107.26,1
2024-12-17,LKOH,6290.5,-1
2024-12-17,MGNT,4340.0,1
2024-12-17,NVTK,771.6,1
2024-12-17,ROSN,480.65,-1
2024-12-17,SBER,226.5,-1
2024-12-17,YDEX,3248.5,1
2024-12-18,CHMF,1033.8,1
2024-12-18,GAZP,108.05,1
2024-12-18,LKOH,6375.0,-1
2024-12-18,MGNT,4432.5,1
2024-12-18,NVTK,784.8,1
2024-12-18,ROSN,487.7,-1
2024-12-18,SBER,230.15,1
2024-12-18,YDEX,3255.0,1
2024-12-19,CHMF,1043.6,1
2024-12-19,GAZP,107.16,1
2024-12-19,LKOH,6294.0,1
2024-12-19,MGNT,4415.5,-1
2024-12-19,NVTK,814.4,-1
2024-12-19,ROSN,506.15,-1
2024-12-19,SBER,229.0,1
2024-12-19,YDEX,3339.0,1
2024-12-20,CHMF,1163.0,-1
2024-12-20,GAZP,115.24,1
2024-12-20,LKOH,6725.0,-1
2024-12-20,MGNT,4921.5,-1
2024-12-20,NVTK,894.0,-1
2024-12-20,ROSN,559.6,-1
2024-12-20,SBER,257.6,-1
2024-12-20,YDEX,3683.5,-1
2024-12-23,CHMF,1148.2,-1
2024-12-23,GAZP,119.75,0
2024-12-23,LKOH,6919.0,-1
2024-12-23,MGNT,4984.0,-1
2024-12-23,NVTK,944.0,-1
2024-12-23,ROSN,569.9,-1
2024-12-23,SBER,264.9,-1
2024-12-23,YDEX,3800.0,-1
2024-12-24,CHMF,1135.8,-1
2024-12-24,GAZP,121.7,0
2024-12-24,LKOH,6833.0,-1
2024-12-24,MGNT,4945.5,-1
2024-12-24,NVTK,915.4,-1
2024-12-24,ROSN,572.7,0
2024-12-24,SBER,264.34,-1
2024-12-24,YDEX,3702.5,-1
2024-12-25,CHMF,1161.8,-1
2024-12-25,GAZP,128.11,0
2024-12-25,LKOH,6987.5,-1
2024-12-25,MGNT,5027.5,-1
2024-12-25,NVTK,929.4,-1
2024-12-25,ROSN,581.95,0
2024-12-25,SBER,271.69,-1
2024-12-25,YDEX,3790.0,-1
2024-12-26,CHMF,1174.4,0
2024-12-26,GAZP,126.89,-1
2024-12-26,LKOH,7003.0,-1
2024-12-26,MGNT,5174.0,-1
2024-12-26,NVTK,949.8,-1
2024-12-26,ROSN,579.1,0
2024-12-26,SBER,269.56,-1
2024-12-26,YDEX,3785.0,-1
2024-12-27,CHMF,1186.2,-1
2024-12-27,GAZP,127.79,0
2024-12-27,LKOH,6990.5,-1
2024-12-27,MGNT,5210.0,-1
2024-12-27,NVTK,949.2,0
2024-12-27,ROSN,591.0,-1
2024-12-27,SBER,271.2,-1
2024-12-27,YDEX,3848.0,0
2024-12-28,CHMF,1232.2,0
2024-12-28,GAZP,129.6,0
2024-12-28,LKOH,6998.0,-1
2024-12-28,MGNT,5009.0,-1
2024-12-28,NVTK,951.8,0
2024-12-28,ROSN,596.0,-1
2024-12-28,SBER,272.83,0
2024-12-28,YDEX,3928.5,0
2024-12-30,CHMF,1337.4,-1
2024-12-30,GAZP,133.12,0
2024-12-30,LKOH,7235.0,-1
2024-12-30,MGNT,5092.0,-1
2024-12-30,NVTK,996.0,0
2024-12-30,ROSN,606.05,-1
2024-12-30,SBER,279.43,0
2024-12-30,YDEX,3994.0,0
2025-01-03,CHMF,1288.6,-1
2025-01-03,GAZP,128.66,-1
2025-01-03,LKOH,7122.0,-1
2025-01-03,MGNT,5016.5,-1
2025-01-03,NVTK,963.8,-1
2025-01-03,ROSN,596.1,0
2025-01-03,SBER,272.25,-1
2025-01-03,YDEX,3872.5,0
2025-01-06,CHMF,1296.6,0
2025-01-06,GAZP,128.34,-1
2025-01-06,LKOH,7088.0,-1
2025-01-06,MGNT,4942.5,-1
2025-01-06,NVTK,965.0,0
2025-01-06,ROSN,588.45,0
2025-01-06,SBER,274.37,0
2025-01-06,YDEX,3891.5,0
2025-01-08,CHMF,1283.0,0
2025-01-08,GAZP,129.45,0
2025-01-08,LKOH,7089.0,-1
2025-01-08,MGNT,4787.5,-1
2025-01-08,NVTK,976.6,0
2025-01-08,ROSN,593.45,-1
2025-01-08,SBER,277.0,-1
2025-01-08,YDEX,3926.0,0
2025-01-09,CHMF,1228.0,0
2025-01-09,GAZP,124.01,0
2025-01-09,LKOH,6947.5,-1
2025-01-09,MGNT,4836.0,-1
2025-01-09,NVTK,930.8,0
2025-01-09,ROSN,574.8,-1
2025-01-09,SBER,271.8,-1
2025-01-09,YDEX,3811.5,-1
2025-01-10,CHMF,1292.2,0
2025-01-10,GAZP,126.6,0
2025-01-10,LKOH,7022.5,-1
2025-01-10,MGNT,4882.5,-1
2025-01-10,NVTK,969.0,0
2025-01-10,ROSN,562.95,-1
2025-01-10,SBER,278.77,-1
2025-01-10,YDEX,3934.0,-1
2025-01-13,CHMF,1277.4,-1
2025-01-13,GAZP,131.47,0
2025-01-13,LKOH,7010.5,-1
2025-01-13,MGNT,4660.0,-1
2025-01-13,NVTK,1007.4,0
2025-01-13,ROSN,545.5,1
2025-01-13,SBER,279.8,-1
2025-01-13,YDEX,4014.0,-1
2025-01-14,CHMF,1281.6,-1
2025-01-14,GAZP,132.99,0
2025-01-14,LKOH,7115.5,-1
2025-01-14,MGNT,4718.0,-1
2025-01-14,NVTK,1009.0,-1
2025-01-14,ROSN,540.35,1
2025-01-14,SBER,279.85,-1
2025-01-14,YDEX,4083.5,-1
2025-01-15,CHMF,1282.6,-1
2025-01-15,GAZP,136.36,-1
2025-01-15,LKOH,7178.5,-1
2025-01-15,MGNT,4754.5,-1
2025-01-15,NVTK,1007.8,-1
2025-01-15,ROSN,547.6,1
2025-01-15,SBER,282.77,-1
2025-01-15,YDEX,4114.5,-1
2025-01-16,CHMF,1285.0,0
2025-01-16,GAZP,135.33,-1
2025-01-16,LKOH,7208.0,-1
2025-01-16,MGNT,4716.5,-1
2025-01-16,NVTK,990.2,-1
2025-01-16,ROSN,546.4,1
2025-01-16,SBER,281.8,-1
2025-01-16,YDEX,4065.5,-1
2025-01-17,CHMF,1326.8,-1
2025-01-17,GAZP,138.76,-1
2025-01-17,LKOH,7342.0,-1
2025-01-17,MGNT,4741.5,-1
2025-01-17,NVTK,1006.0,0
2025-01-17,ROSN,554.9,0
2025-01-17,SBER,283.53,1
2025-01-17,YDEX,4113.0,-1
2025-01-20,CHMF,1295.4,-1
2025-01-20,GAZP,137.1,-1
2025-01-20,LKOH,7194.0,-1
2025-01-20,MGNT,4643.0,1
2025-01-20,NVTK,974.4,-1
2025-01-20,ROSN,537.7,1
2025-01-20,SBER,278.19,1
2025-01-20,YDEX,4020.0,-1
2025-01-21,CHMF,1290.0,-1
2025-01-21,GAZP,138.01,-1
2025-01-21,LKOH,7239.5,-1
2025-01-21,MGNT,4708.0,-1
2025-01-21,NVTK,998.8,-1
2025-01-21,ROSN,542.1,-1
2025-01-21,SBER,281.85,-1
2025-01-21,YDEX,4070.0,-1
2025-01-22,CHMF,1252.0,-1
2025-01-22,GAZP,136.83,-1
2025-01-22,LKOH,7215.0,-1
2025-01-22,MGNT,4694.5,1
2025-01-22,NVTK,1017.6,-1
2025-01-22,ROSN,540.0,-1
2025-01-22,SBER,280.36,-1
2025-01-22,YDEX,4037.5,-1
2025-01-23,CHMF,1258.6,-1
2025-01-23,GAZP,137.84,-1
2025-01-23,LKOH,7215.0,1
2025-01-23,MGNT,4710.0,-1
2025-01-23,NVTK,1024.2,-1
2025-01-23,ROSN,539.1,0
2025-01-23,SBER,280.49,1
2025-01-23,YDEX,4050.0,-1
2025-01-24,CHMF,1243.4,-1
2025-01-24,GAZP,138.43,-1
2025-01-24,LKOH,7199.5,1
2025-01-24,MGNT,4664.5,1
2025-01-24,NVTK,1029.8,-1
2025-01-24,ROSN,535.85,1
2025-01-24,SBER,280.74,1
2025-01-24,YDEX,4037.0,-1
2025-01-27,CHMF,1225.4,1
2025-01-27,GAZP,134.26,-1
2025-01-27,LKOH,7065.5,1
2025-01-27,MGNT,4582.5,1
2025-01-27,NVTK,1003.4,-1
2025-01-27,ROSN,516.35,1
2025-01-27,SBER,275.23,1
2025-01-27,YDEX,3945.0,1
2025-01-28,CHMF,1259.2,-1
2025-01-28,GAZP,137.54,-1
2025-01-28,LKOH,7160.0,1
2025-01-28,MGNT,4671.0,1
2025-01-28,NVTK,1022.4,-1
2025-01-28,ROSN,534.85,-1
2025-01-28,SBER,278.35,1
2025-01-28,YDEX,4040.0,-1
2025-01-29,CHMF,1252.6,-1
2025-01-29,GAZP,137.05,-1
2025-01-29,LKOH,7192.0,1
2025-01-29,MGNT,4674.5,1
2025-01-29,NVTK,1046.0,-1
2025-01-29,ROSN,535.6,-1
2025-01-29,SBER,280.36,1
2025-01-29,YDEX,4073.5,1
2025-01-30,CHMF,1279.6,-1
2025-01-30,GAZP,140.47,-1
2025-01-30,LKOH,7166.0,1
2025-01-30,MGNT,4710.0,1
2025-01-30,NVTK,1085.6,-1
2025-01-30,ROSN,534.85,-1
2025-01-30,SBER,281.97,1
2025-01-30,YDEX,4117.0,1
2025-01-31,CHMF,1211.8,-1
2025-01-31,GAZP,140.84,-1
2025-01-31,LKOH,7171.0,1
2025-01-31,MGNT,4665.5,1
2025-01-31,NVTK,1082.0,-1
2025-01-31,ROSN,526.8,-1
2025-01-31,SBER,280.73,1
2025-01-31,YDEX,4092.0,-1
2025-02-03,CHMF,1192.4,1
2025-02-03,GAZP,139.63,-1
2025-02-03,LKOH,7170.0,1
2025-02-03,MGNT,4625.5,1
2025-02-03,NVTK,1070.2,-1
2025-02-03,ROSN,519.2,1
2025-02-03,SBER,279.55,1
2025-02-03,YDEX,4052.5,-1
2025-02-04,CHMF,1175.0,1
2025-02-04,GAZP,136.84,-1
2025-02-04,LKOH,7093.5,1
2025-02-04,MGNT,4591.0,1
2025-02-04,NVTK,1062.2,-1
2025-02-04,ROSN,518.95,1
2025-02-04,SBER,277.4,1
2025-02-04,YDEX,4008.0,1
2025-02-05,CHMF,1202.8,1
2025-02-05,GAZP,140.45,-1
2025-02-05,LKOH,7171.0,1
2025-02-05,MGNT,4678.0,1
2025-02-05,NVTK,1100.0,-1
2025-02-05,ROSN,522.05,1
2025-02-05,SBER,282.88,1
2025-02-05,YDEX,4105.5,-1
2025-02-06,CHMF,1196.8,-1
2025-02-06,GAZP,141.98,-1
2025-02-06,LKOH,7141.0,1
2025-02-06,MGNT,4680.5,1
2025-02-06,NVTK,1101.4,-1
2025-02-06,ROSN,528.2,-1
2025-02-06,SBER,287.15,1
2025-02-06,YDEX,4219.0,1
2025-02-07,CHMF,1207.6,0
2025-02-07,GAZP,141.9,1
2025-02-07,LKOH,7148.0,1
2025-02-07,MGNT,4662.0,1
2025-02-07,NVTK,1101.8,-1
2025-02-07,ROSN,530.25,-1
2025-02-07,SBER,285.81,1
2025-02-07,YDEX,4200.0,1
2025-02-10,CHMF,1205.4,-1
2025-02-10,GAZP,142.46,1
2025-02-10,LKOH,7147.5,1
2025-02-10,MGNT,4705.5,1
2025-02-10,NVTK,1132.6,-1
2025-02-10,ROSN,533.15,1
2025-02-10,SBER,289.94,1
2025-02-10,YDEX,4217.0,1
2025-02-11,CHMF,1242.0,-1
2025-02-11,GAZP,142.97,1
2025-02-11,LKOH,7271.0,1
2025-02-11,MGNT,4902.0,1
2025-02-11,NVTK,1167.8,-1
2025-02-11,ROSN,538.9,1
2025-02-11,SBER,294.06,1
2025-02-11,YDEX,4287.0,1
2025-02-12,CHMF,1313.6,-1
2025-02-12,GAZP,154.6,-1
2025-02-12,LKOH,7676.0,-1
2025-02-12,MGNT,5029.0,-1
2025-02-12,NVTK,1277.2,-1
2025-02-12,ROSN,577.85,-1
2025-02-12,SBER,314.0,-1
2025-02-12,YDEX,4519.5,1
2025-02-13,CHMF,1325.0,-1
2025-02-13,GAZP,166.32,-1
2025-02-13,LKOH,7534.0,-1
2025-02-13,MGNT,5055.5,-1
2025-02-13,NVTK,1255.8,-1
2025-02-13,ROSN,573.3,-1
2025-02-13,SBER,310.1,-1
2025-02-13,YDEX,4492.0,-1
2025-02-14,CHMF,1307.6,-1
2025-02-14,GAZP,168.1,0
2025-02-14,LKOH,7492.5,-1
2025-02-14,MGNT,4938.0,-1
2025-02-14,NVTK,1218.8,-1
2025-02-14,ROSN,561.95,-1
2025-02-14,SBER,309.87,-1
2025-02-14,YDEX,4549.0,-1
2025-02-17,CHMF,1371.4,-1
2025-02-17,GAZP,180.05,0
2025-02-17,LKOH,7784.5,-1
2025-02-17,MGNT,5199.0,-1
2025-02-17,NVTK,1292.8,-1
2025-02-17,ROSN,585.2,-1
2025-02-17,SBER,319.5,-1
2025-02-17,YDEX,4709.0,-1
2025-02-18,CHMF,1313.4,-1
2025-02-18,GAZP,171.2,0
2025-02-18,LKOH,7644.5,-1
2025-02-18,MGNT,5125.0,-1
2025-02-18,NVTK,1254.6,-1
2025-02-18,ROSN,574.2,-1
2025-02-18,SBER,312.95,-1
2025-02-18,YDEX,4550.0,-1
2025-02-19,CHMF,1340.8,-1
2025-02-19,GAZP,176.25,-1
2025-02-19,LKOH,7714.5,-1
2025-02-19,MGNT,5195.0,-1
2025-02-19,NVTK,1280.0,0
2025-02-19,ROSN,575.95,-1
2025-02-19,SBER,315.91,-1
2025-02-19,YDEX,4646.0,-1
2025-02-20,CHMF,1345.2,-1
2025-02-20,GAZP,173.0,-1
2025-02-20,LKOH,7720.0,-1
2025-02-20,MGNT,5324.5,-1
2025-02-20,NVTK,1308.4,0
2025-02-20,ROSN,577.95,-1
2025-02-20,SBER,315.05,-1
2025-02-20,YDEX,4649.0,-1
2025-02-21,CHMF,1385.8,-1
2025-02-21,GAZP,171.09,-1
2025-02-21,LKOH,7709.5,-1
2025-02-21,MGNT,5340.0,-1
2025-02-21,NVTK,1326.4,0
2025-02-21,ROSN,572.55,-1
2025-02-21,SBER,314.74,-1
2025-02-21,YDEX,4667.0,-1
2025-02-24,CHMF,1442.2,-1
2025-02-24,GAZP,177.16,-1
2025-02-24,LKOH,7737.5,-1
2025-02-24,MGNT,5365.0,-1
2025-02-24,NVTK,1342.8,-1
2025-02-24,ROSN,569.45,-1
2025-02-24,SBER,316.03,-1
2025-02-24,YDEX,4671.0,-1
2025-02-25,CHMF,1416.2,-1
2025-02-25,GAZP,175.1,-1
2025-02-25,LKOH,7729.0,-1
2025-02-25,MGNT,5384.5,-1
2025-02-25,NVTK,1327.8,-1
2025-02-25,ROSN,582.8,-1
2025-02-25,SBER,316.97,-1
2025-02-25,YDEX,4623.5,0
2025-02-26,CHMF,1363.6,-1
2025-02-26,GAZP,169.26,0
2025-02-26,LKOH,7555.0,-1
2025-02-26,MGNT,5167.0,-1
2025-02-26,NVTK,1266.8,0
2025-02-26,ROSN,569.25,-1
2025-02-26,SBER,310.22,-1
2025-02-26,YDEX,4440.0,-1
2025-02-27,CHMF,1351.0,0
2025-02-27,GAZP,166.7,0
2025-02-27,LKOH,7497.0,-1
2025-02-27,MGNT,5005.0,-1
2025-02-27,NVTK,1254.4,0
2025-02-27,ROSN,552.85,-1
2025-02-27,SBER,307.1,1
2025-02-27,YDEX,4377.0,-1
2025-02-28,CHMF,1350.2,-1
2025-02-28,GAZP,170.87,0
2025-02-28,LKOH,7546.5,-1
2025-02-28,MGNT,4950.0,-1
2025-02-28,NVTK,1285.2,0
2025-02-28,ROSN,556.05,-1
2025-02-28,SBER,309.63,-1
2025-02-28,YDEX,4423.0,-1
2025-03-03,CHMF,1325.4,-1
2025-03-03,GAZP,169.26,0
2025-03-03,LKOH,7341.5,-1
2025-03-03,MGNT,4909.0,-1
2025-03-03,NVTK,1255.2,-1
2025-03-03,ROSN,539.0,-1
2025-03-03,SBER,305.5,1
2025-03-03,YDEX,4347.5,1
2025-03-04,CHMF,1370.0,0
2025-03-04,GAZP,173.92,0
2025-03-04,LKOH,7393.0,-1
2025-03-04,MGNT,5037.0,-1
2025-03-04,NVTK,1319.0,0
2025-03-04,ROSN,540.1,1
2025-03-04,SBER,316.4,1
2025-03-04,YDEX,4586.0,-1
2025-03-05,CHMF,1334.8,-1
2025-03-05,GAZP,170.95,-1
2025-03-05,LKOH,7241.0,1
2025-03-05,MGNT,5015.5,-1
2025-03-05,NVTK,1286.4,-1
2025-03-05,ROSN,530.5,1
2025-03-05,SBER,313.56,-1
2025-03-05,YDEX,4497.0,-1
2025-03-06,CHMF,1370.0,-1
2025-03-06,GAZP,172.93,0
2025-03-06,LKOH,7175.0,-1
2025-03-06,MGNT,5000.0,-1
2025-03-06,NVTK,1269.6,-1
2025-03-06,ROSN,529.55,1
2025-03-06,SBER,315.18,-1
2025-03-06,YDEX,4513.5,-1
2025-03-07,CHMF,1357.2,-1
2025-03-07,GAZP,171.56,0
2025-03-07,LKOH,7225.0,-1
2025-03-07,MGNT,4936.5,-1
2025-03-07,NVTK,1287.0,-1
2025-03-07,ROSN,528.8,1
2025-03-07,SBER,316.92,1
2025-03-07,YDEX,4553.0,-1
2025-03-10,CHMF,1340.0,-1
2025-03-10,GAZP,171.09,-1
2025-03-10,LKOH,7185.0,-1
2025-03-10,MGNT,4841.5,1
2025-03-10,NVTK,1285.0,-1
2025-03-10,ROSN,527.3,1
2025-03-10,SBER,317.57,1
2025-03-10,YDEX,4562.5,0
2025-03-11,CHMF,1342.6,-1
2025-03-11,GAZP,170.42,-1
2025-03-11,LKOH,7248.5,1
2025-03-11,MGNT,4900.0,1
2025-03-11,NVTK,1265.8,-1
2025-03-11,ROSN,527.35,1
2025-03-11,SBER,319.69,1
2025-03-11,YDEX,4564.5,0
2025-03-12,CHMF,1330.2,0
2025-03-12,GAZP,168.29,-1
2025-03-12,LKOH,7205.0,1
2025-03-12,MGNT,4852.0,1
2025-03-12,NVTK,1255.0,0
2025-03-12,ROSN,533.7,1
2025-03-12,SBER,318.39,1
2025-03-12,YDEX,4529.0,-1
2025-03-13,CHMF,1316.2,1
2025-03-13,GAZP,168.11,-1
2025-03-13,LKOH,7130.0,1
2025-03-13,MGNT,4830.0,1
2025-03-13,NVTK,1263.8,-1
2025-03-13,ROSN,528.15,1
2025-03-13,SBER,316.37,1
2025-03-13,YDEX,4480.0,1
2025-03-14,CHMF,1301.0,1
2025-03-14,GAZP,170.45,-1
2025-03-14,LKOH,7149.5,1
2025-03-14,MGNT,4923.0,-1
2025-03-14,NVTK,1276.2,-1
2025-03-14,ROSN,530.6,1
2025-03-14,SBER,320.51,1
2025-03-14,YDEX,4527.0,-1
2025-03-17,CHMF,1349.0,-1
2025-03-17,GAZP,172.73,1
2025-03-17,LKOH,7222.5,1
2025-03-17,MGNT,4977.5,-1
2025-03-17,NVTK,1290.0,-1
2025-03-17,ROSN,539.55,1
2025-03-17,SBER,326.02,1
2025-03-17,YDEX,4673.5,-1
2025-03-18,CHMF,1336.2,-1
2025-03-18,GAZP,168.52,1
2025-03-18,LKOH,7183.0,1
2025-03-18,MGNT,4892.0,-1
2025-03-18,NVTK,1302.2,1
2025-03-18,ROSN,535.45,1
2025-03-18,SBER,324.06,1
2025-03-18,YDEX,4622.0,1
2025-03-19,CHMF,1332.0,-1
2025-03-19,GAZP,168.33,1
2025-03-19,LKOH,7221.0,1
2025-03-19,MGNT,4873.5,-1
2025-03-19,NVTK,1322.2,1
2025-03-19,ROSN,535.9,1
2025-03-19,SBER,325.3,1
2025-03-19,YDEX,4641.0,1
2025-03-20,CHMF,1322.8,1
2025-03-20,GAZP,168.09,1
2025-03-20,LKOH,7293.5,1
2025-03-20,MGNT,4855.0,-1
2025-03-20,NVTK,1316.0,1
2025-03-20,ROSN,536.85,1
2025-03-20,SBER,324.05,1
2025-03-20,YDEX,4646.0,1
2025-03-21,CHMF,1311.0,1
2025-03-21,GAZP,166.61,1
2025-03-21,LKOH,7346.5,1
2025-03-21,MGNT,4814.0,1
2025-03-21,NVTK,1305.8,1
2025-03-21,ROSN,534.6,1
2025-03-21,SBER,323.26,1
2025-03-21,YDEX,4625.0,1
2025-03-24,CHMF,1259.8,1
2025-03-24,GAZP,164.56,1
2025-03-24,LKOH,7291.0,1
2025-03-24,MGNT,4689.0,1
2025-03-24,NVTK,1283.4,1
2025-03-24,ROSN,521.4,1
2025-03-24,SBER,319.47,1
2025-03-24,YDEX,4584.5,1
2025-03-25,CHMF,1279.6,1
2025-03-25,GAZP,164.46,1
2025-03-25,LKOH,7265.0,1
2025-03-25,MGNT,4677.5,1
2025-03-25,NVTK,1315.8,-1
2025-03-25,ROSN,521.7,1
2025-03-25,SBER,319.8,1
2025-03-25,YDEX,4646.5,1
2025-03-26,CHMF,1245.8,1
2025-03-26,GAZP,161.85,1
2025-03-26,LKOH,7185.0,1
2025-03-26,MGNT,4618.0,1
2025-03-26,NVTK,1286.8,-1
2025-03-26,ROSN,513.75,1
2025-03-26,SBER,315.23,1
2025-03-26,YDEX,4567.5,1
2025-03-27,CHMF,1199.2,1
2025-03-27,GAZP,155.25,1
2025-03-27,LKOH,7108.5,1
2025-03-27,MGNT,4520.0,1
2025-03-27,NVTK,1277.6,-1
2025-03-27,ROSN,502.4,1
2025-03-27,SBER,311.96,1
2025-03-27,YDEX,4446.0,1
2025-03-28,CHMF,1153.2,1
2025-03-28,GAZP,145.43,1
2025-03-28,LKOH,7064.5,1
2025-03-28,MGNT,4421.5,1
2025-03-28,NVTK,1240.2,-1
2025-03-28,ROSN,496.75,1
2025-03-28,SBER,308.04,1
2025-03-28,YDEX,4357.0,1
2025-03-31,CHMF,1188.0,1
2025-03-31,GAZP,145.69,1
2025-03-31,LKOH,7026.5,-1
2025-03-31,MGNT,4417.5,-1
2025-03-31,NVTK,1216.6,1
2025-03-31,ROSN,490.5,1
2025-03-31,SBER,309.72,1
2025-03-31,YDEX,4476.0,1
2025-04-01,CHMF,1137.0,1
2025-04-01,GAZP,137.5,1
2025-04-01,LKOH,6905.0,-1
2025-04-01,MGNT,4649.5,1
2025-04-01,NVTK,1160.4,1
2025-04-01,ROSN,474.6,1
2025-04-01,SBER,303.24,1
2025-04-01,YDEX,4355.5,1
2025-04-02,CHMF,1161.2,1
2025-04-02,GAZP,139.23,1
2025-04-02,LKOH,6978.0,-1
2025-04-02,MGNT,4736.5,-1
2025-04-02,NVTK,1225.8,-1
2025-04-02,ROSN,477.9,1
2025-04-02,SBER,306.11,1
2025-04-02,YDEX,4409.0,1
2025-04-03,CHMF,1122.2,1
2025-04-03,GAZP,134.54,1
2025-04-03,LKOH,6802.0,-1
2025-04-03,MGNT,4658.0,-1
2025-04-03,NVTK,1223.8,1
2025-04-03,ROSN,462.8,1
2025-04-03,SBER,302.09,1
2025-04-03,YDEX,4291.0,1
2025-04-04,CHMF,1081.4,1
2025-04-04,GAZP,126.7,1
2025-04-04,LKOH,6445.5,-1
2025-04-04,MGNT,4415.5,1
2025-04-04,NVTK,1145.4,1
2025-04-04,ROSN,441.3,1
2025-04-04,SBER,285.35,1
2025-04-04,YDEX,4088.0,1
2025-04-07,CHMF,1053.4,1
2025-04-07,GAZP,125.57,1
2025-04-07,LKOH,6349.5,1
2025-04-07,MGNT,4395.0,1
2025-04-07,NVTK,1112.6,1
2025-04-07,ROSN,450.7,1
2025-04-07,SBER,287.56,1
2025-04-07,YDEX,4069.0,1
2025-04-08,CHMF,992.8,1
2025-04-08,GAZP,121.91,1
2025-04-08,LKOH,6283.5,-1
2025-04-08,MGNT,4345.0,1
2025-04-08,NVTK,1048.8,1
2025-04-08,ROSN,429.0,1
2025-04-08,SBER,282.03,1
2025-04-08,YDEX,3969.5,1
2025-04-09,CHMF,1058.6,1
2025-04-09,GAZP,127.76,1
2025-04-09,LKOH,6507.0,1
2025-04-09,MGNT,4518.0,-1
2025-04-09,NVTK,1102.0,1
2025-04-09,ROSN,446.0,1
2025-04-09,SBER,293.4,1
2025-04-09,YDEX,4121.0,1
2025-04-10,CHMF,1022.4,1
2025-04-10,GAZP,127.77,1
2025-04-10,LKOH,6375.5,-1
2025-04-10,MGNT,4583.0,-1
2025-04-10,NVTK,1062.0,1
2025-04-10,ROSN,438.0,1
2025-04-10,SBER,292.46,1
2025-04-10,YDEX,4064.5,1
2025-04-11,CHMF,1058.6,1
2025-04-11,GAZP,132.91,1
2025-04-11,LKOH,6508.0,-1
2025-04-11,MGNT,4567.5,-1
2025-04-11,NVTK,1115.0,1
2025-04-11,ROSN,450.9,1
2025-04-11,SBER,299.81,0
2025-04-11,YDEX,4176.0,0
2025-04-14,CHMF,1035.0,1
2025-04-14,GAZP,132.05,1
2025-04-14,LKOH,6474.0,-1
2025-04-14,MGNT,4473.0,-1
2025-04-14,NVTK,1115.6,1
2025-04-14,ROSN,449.3,1
2025-04-14,SBER,296.5,0
2025-04-14,YDEX,4119.5,-1
2025-04-15,CHMF,1042.0,1
2025-04-15,GAZP,131.6,1
2025-04-15,LKOH,6466.0,-1
2025-04-15,MGNT,4481.5,-1
2025-04-15,NVTK,1159.0,0
2025-04-15,ROSN,452.05,1
2025-04-15,SBER,297.99,0
2025-04-15,YDEX,4193.0,-1
2025-04-16,CHMF,1041.4,1
2025-04-16,GAZP,132.0,1
2025-04-16,LKOH,6515.0,-1
2025-04-16,MGNT,4541.0,-1
2025-04-16,NVTK,1190.2,0
2025-04-16,ROSN,452.25,1
2025-04-16,SBER,300.8,0
2025-04-16,YDEX,4229.5,-1
2025-04-17,CHMF,1062.0,1
2025-04-17,GAZP,136.79,0
2025-04-17,LKOH,6719.0,-1
2025-04-17,MGNT,4550.0,-1
2025-04-17,NVTK,1219.8,0
2025-04-17,ROSN,478.7,0
2025-04-17,SBER,304.8,-1
2025-04-17,YDEX,4252.5,-1
2025-04-18,CHMF,1022.4,1
2025-04-18,GAZP,134.77,0
2025-04-18,LKOH,6629.5,-1
2025-04-18,MGNT,4473.0,-1
2025-04-18,NVTK,1193.0,0
2025-04-18,ROSN,476.85,0
2025-04-18,SBER,300.01,-1
2025-04-18,YDEX,4200.0,-1
2025-04-21,CHMF,1040.6,1
2025-04-21,GAZP,139.53,0
2025-04-21,LKOH,6732.5,-1
2025-04-21,MGNT,4512.5,-1
2025-04-21,NVTK,1237.0,0
2025-04-21,ROSN,482.0,0
2025-04-21,SBER,308.12,-1
2025-04-21,YDEX,4313.5,-1
2025-04-22,CHMF,1093.0,0
2025-04-22,GAZP,145.0,0
2025-04-22,LKOH,6764.0,-1
2025-04-22,MGNT,4592.5,-1
2025-04-22,NVTK,1244.8,0
2025-04-22,ROSN,482.65,0
2025-04-22,SBER,312.25,-1
2025-04-22,YDEX,4362.5,-1
2025-04-23,CHMF,1062.4,-1
2025-04-23,GAZP,143.38,-1
2025-04-23,LKOH,6743.0,-1
2025-04-23,MGNT,4536.0,-1
2025-04-23,NVTK,1235.4,-1
2025-04-23,ROSN,471.4,-1
2025-04-23,SBER,310.0,-1
2025-04-23,YDEX,4285.0,-1
2025-04-24,CHMF,1071.4,-1
2025-04-24,GAZP,144.29,-1
2025-04-24,LKOH,6683.5,-1
2025-04-24,MGNT,4585.0,-1
2025-04-24,NVTK,1249.0,-1
2025-04-24,ROSN,469.9,-1
2025-04-24,SBER,310.16,-1
2025-04-24,YDEX,4293.0,-1
2025-04-25,CHMF,1106.4,-1
2025-04-25,GAZP,150.23,-1
2025-04-25,LKOH,6856.5,-1
2025-04-25,MGNT,4630.0,-1
2025-04-25,NVTK,1314.6,-1
2025-04-25,ROSN,480.0,-1
2025-04-25,SBER,316.69,-1
2025-04-25,YDEX,4371.5,-1
2025-04-28,CHMF,1081.2,-1
2025-04-28,GAZP,153.27,-1
2025-04-28,LKOH,6827.0,-1
2025-04-28,MGNT,4763.5,-1
2025-04-28,NVTK,1266.2,-1
2025-04-28,ROSN,473.95,-1
2025-04-28,SBER,314.23,1
2025-04-28,YDEX,4283.0,-1
2025-04-29,CHMF,1033.6,-1
2025-04-29,GAZP,149.25,-1
2025-04-29,LKOH,6725.0,-1
2025-04-29,MGNT,4467.0,-1
2025-04-29,NVTK,1214.6,-1
2025-04-29,ROSN,457.95,-1
2025-04-29,SBER,309.41,-1
2025-04-29,YDEX,4155.0,-1
2025-04-30,CHMF,1054.0,-1
2025-04-30,GAZP,149.89,-1
2025-04-30,LKOH,6684.0,-1
2025-04-30,MGNT,4434.5,-1
2025-04-30,NVTK,1186.8,0
2025-04-30,ROSN,454.5,-1
2025-04-30,SBER,307.8,-1
2025-04-30,YDEX,4106.0,-1
2025-05-02,CHMF,1016.0,-1
2025-05-02,GAZP,138.89,0
2025-05-02,LKOH,6504.0,-1
2025-05-02,MGNT,4309.5,1
2025-05-02,NVTK,1110.8,1
2025-05-02,ROSN,435.7,-1
2025-05-02,SBER,299.96,-1
2025-05-02,YDEX,3905.5,1
2025-05-05,CHMF,992.8,1
2025-05-05,GAZP,135.09,1
2025-05-05,LKOH,6335.5,-1
2025-05-05,MGNT,4226.0,1
2025-05-05,NVTK,1077.8,1
2025-05-05,ROSN,426.7,1
2025-05-05,SBER,294.64,1
2025-05-05,YDEX,3860.0,1
2025-05-06,CHMF,1007.8,-1
2025-05-06,GAZP,137.71,1
2025-05-06,LKOH,6373.5,-1
2025-05-06,MGNT,4288.5,1
2025-05-06,NVTK,1124.8,1
2025-05-06,ROSN,430.25,1
2025-05-06,SBER,302.02,-1
2025-05-06,YDEX,4013.0,-1
2025-05-07,CHMF,1013.0,1
2025-05-07,GAZP,139.9,0
2025-05-07,LKOH,6458.5,-1
2025-05-07,MGNT,4325.0,-1
2025-05-07,NVTK,1149.0,1
2025-05-07,ROSN,438.0,1
2025-05-07,SBER,302.79,-1
2025-05-07,YDEX,3991.0,1
2025-05-08,CHMF,1015.0,1
2025-05-08,GAZP,142.9,0
2025-05-08,LKOH,6535.0,-1
2025-05-08,MGNT,4327.0,1
2025-05-08,NVTK,1160.0,0
2025-05-08,ROSN,443.9,1
2025-05-08,SBER,302.15,-1
2025-05-08,YDEX,3993.5,1
